Site Name,Category,Rating,Score,Min Payout,Payment Methods,Referral Link,Referral Code,Status,Notes
FaucetPay,Micro-Wallet,Highly Recommended,9,Very Low,Crypto,https://faucetpay.io/?r=YOUR_ID,,Active,Essential for all faucet users
Coinbase,Micro-Wallet / Exchange,Highly Recommended,9,Varies,Crypto/Fiat,,,Pending,Learn & Earn rewards
ExpressCrypto,Micro-Wallet,Decent,7,Very Low,Crypto,,,Pending,Alternative micro-wallet
FaucetCrypto,Faucet / GPT,Highly Recommended,9.2,Low,FaucetPay,,,Pending,Great for beginners
VieFaucet,Multi-Faucet,Recommended,9,Very Low,FaucetPay,,,Pending,5-star Trustpilot
Faucetoshi,Faucet,Recommended,8.8,$0.01,FaucetPay,,,Pending,Lowest minimum
FireFaucet,Faucet / PTC,Decent,8.5,Low,FaucetPay,,,Pending,Auto faucet feature
Cointiply,Faucet / GPT,Decent,8,~$5,BTC/DOGE/LTC,,,Pending,Pays interest on balance
FreeBitcoin,Faucet / Gambling,Recommended,8.5,30K sats,BTC Direct,,,Pending,Oldest BTC faucet - since 2013
Freebitco.in,Faucet,Recommended,8,30K sats,BTC,,,Pending,Hourly claims + interest
Dutchy CORP,Faucet / PTC,Recommended,8.2,Low,FaucetPay,,,Pending,Multiple earning methods
FaucetWorld,Faucet,Decent,7.5,Low,FaucetPay,,,Pending,Simple faucet claims
ClaimFreeCoins,Faucet,Decent,7.3,Low,FaucetPay,,,Pending,Multiple cryptocurrencies
Konstantinova,Faucet,Decent,7,Low,FaucetPay,,,Pending,Shortlink faucet
Faucet.gold,Faucet,Decent,7.2,Low,FaucetPay,,,Pending,Multi-coin faucet
Globalhive,Faucet / ZCash,Decent,7,Very Low,ZEC Direct,,,Pending,ZCash focused
PipeFlare,Faucet / Gaming,Recommended,7.8,Low,Crypto,,,Pending,Games + faucet combo
Stakecube,Faucet / Staking,Decent,7.5,Varies,Multi-Crypto,,,Pending,Faucet + staking platform
Coinfaucet.io,Faucet,Decent,7,Low,FaucetPay,,,Pending,Simple interface
BTCBunch,Faucet,Decent,7,Low,FaucetPay,,,Pending,Bitcoin faucet
Bit-Sites,Faucet,Decent,6.8,Low,FaucetPay,,,Pending,Multi-coin claims
CoinPayU,PTC / Faucet,Recommended,7.8,Medium,Crypto,,,Pending,Established since 2018
adBTC,PTC / Faucet,Recommended,7.5,500 sats,FaucetPay/BTC,,,Pending,Auto-surf since 2016
Scarlet-Clicks,PTC,Recommended,7.5,$2,PayPal/Payeer,,,Pending,Established PTC since 2009
GPTplanet,PTC / GPT,Decent,7.2,$1,PayPal/Payeer,,,Pending,Surveys + PTC combined
ySense,PTC / Survey,Highly Recommended,8.5,$5,PayPal/Payoneer,https://www.ysense.com/?rb=229313282,,Pending,Formerly ClixSense - top earner
Neobux,PTC,Decent,6.5,$2,PayPal/Payza,,,Pending,Classic PTC - declining
Buxcoin,PTC / Crypto,Decent,6.8,Low,Crypto,,,Pending,Crypto PTC site
Ojooo,PTC,Use Caution,5.5,$2,PayPal,,,Caution,Mixed reviews
AdClickXpress,PTC,Use Caution,5,$10,Various,,,Caution,High risk - research first
Freecash,GPT / Offerwall,Highly Recommended,9,$5,PayPal/Crypto,https://freecash.com/r/1V1KZ,,Pending,Top GPT - $40M+ paid
Swagbucks,GPT / Cashback,Highly Recommended,9,$3,PayPal/Gift Cards,https://www.swagbucks.com/p/register?rb=226224761&rp=1,,Pending,Most popular GPT worldwide
PrizeRebel,GPT,Highly Recommended,8.8,$2,PayPal/Gift Cards,https://www.prizerebel.com/index.php?r=16393583,,Pending,Since 2007 - very reliable
GG2U,GPT,Recommended,8.5,$7,PayPal/BTC,https://premium.gg2u.org?referrer=acekevorkian ,,Pending,High payouts per offer
RewardXP,GPT,Recommended,8.3,$5,PayPal/Crypto,https://www.rewardxp.com/join/1426430,,Pending,Clean interface
Idle-Empire,GPT,Recommended,8,Varies,Steam/Crypto,https://www.idle-empire.com?r=9undqu,,Pending,Great for gamers
GrabPoints,GPT,Recommended,7.8,$3,PayPal/Gift Cards,,,Pending,Watch videos + surveys
InstaGC,GPT,Recommended,7.8,$1,Gift Cards,,,Pending,Instant gift card payouts
Earnably,GPT,Recommended,7.5,$2,PayPal/BTC,,,Pending,Multiple earning options
FeaturePoints,GPT / App,Decent,7.2,$3,PayPal/Gift Cards,,,Pending,Mobile app focused
Toluna,GPT / Survey,Recommended,7.5,$10,PayPal/Gift Cards,,,Pending,Community + surveys
Surveytime,GPT / Survey,Recommended,8,$1,PayPal,,,Pending,Instant $1 per survey
Branded Surveys,Survey,Recommended,7.8,$5,PayPal/Gift Cards,,,Pending,High-paying surveys
Timebucks,GPT,Recommended,7.5,$10,PayPal/Crypto,,,Pending,Diverse earning methods
Gain.gg,GPT,Recommended,7.8,$0.10,Crypto/PayPal,https://gain.gg/r/102832514176433725862 ,,Pending,Very low minimum
Lootup,GPT,Decent,7.2,$5,PayPal/Gift Cards,,,Pending,Formerly Lootably
Superpay.me,GPT,Decent,7,$1,PayPal/Crypto,,,Pending,Low minimum payout
OfferNation,GPT,Decent,7,$1,PayPal,,,Pending,Simple GPT site
Paidera,GPT,Decent,6.8,$2,PayPal,,,Pending,Basic GPT features
Prolific,Survey / Research,Highly Recommended,9.5,£5,PayPal,,,Pending,Best pay per survey - academic
Respondent,Survey / Research,Highly Recommended,9.2,Varies,PayPal,,,Pending,$50-200/study average
UserTesting,Survey / Testing,Highly Recommended,9,$10,PayPal,,,Pending,$10 per 20-min test
Testable Minds,Survey / Research,Recommended,8,$10,PayPal,,,Pending,Academic research studies
Pinecone Research,Survey,Highly Recommended,8.5,$3,PayPal/Check,,,Pending,Invite only - high pay
Survey Junkie,Survey,Recommended,7.8,$5,PayPal/Gift Cards,,,Pending,US/CA/AU only
Attapoll,Survey / Mobile,Recommended,7.5,$3,PayPal,https://attapoll.app/join/uzuca,,Pending,Mobile app surveys
1Q,Survey / Quick,Recommended,7.5,$0,PayPal,,,Pending,$0.25 instant per question
Qmee,Survey / Search,Recommended,7.5,$0,PayPal,,,Pending,No minimum payout
Pollpay,Survey / Mobile,Decent,7,$5,PayPal,,,Pending,Mobile app surveys
Google Opinion Rewards,Survey / Mobile,Recommended,7.5,$2,Play Store/PayPal,,,Pending,Google official app
Ipsos iSay,Survey,Decent,7.2,$5,Gift Cards,,,Pending,Market research giant
YouGov,Survey / Polling,Recommended,7.5,$15,Gift Cards,,,Pending,Political polls included
LifePoints,Survey,Decent,7,$10,PayPal/Gift Cards,,,Pending,Formerly MySurvey
Opinion Outpost,Survey,Decent,7,$5,PayPal/Gift Cards,,,Pending,Quick disqualification
Valued Opinions,Survey,Decent,7,$20,Gift Cards,,,Pending,High minimum
Crowdtap,Survey / Social,Recommended,7.3,$5,Gift Cards,,,Pending,Product testing included
LuckyWatch,Watch-to-Earn,Highly Recommended,7.5,Low,Binance,,,Pending,Video watching
MakeYouTask,Watch-to-Earn / GPT,Highly Recommended,7.3,$0.10+,11 Cryptos,,,Pending,Multiple earning methods
HideoutTV,Watch-to-Earn,Decent,6.5,Via GPT,Via Partner Sites,,,Pending,Passive video watching
Earnhoney,Watch-to-Earn,Use Caution,5.5,$5,PayPal/Gift Cards,,,Caution,Reduced earnings
Viggle,Watch-to-Earn,Decent,6,Varies,Gift Cards,,,Pending,TV watching app
Current Rewards,Watch-to-Earn / Music,Recommended,7.2,$0.01,PayPal/Gift Cards,,,Pending,Listen to music & radio
Honeygain,Bandwidth Sharing,Recommended,8.5,$20,PayPal/Crypto,https://join.honeygain.com/ACEKE4CB6D ,,Pending,Top passive income app
JumpTask,Task Aggregator,Decent,7,None,JMPT Token,https://www.jumptask.io/r/fyruxiviwywy,,Pending,Connect with Honeygain
Pawns.app,Bandwidth Sharing,Recommended,8,$5,PayPal/Crypto,https://pawns.app/?r=11488447,,Pending,Formerly IPRoyal Pawns
PacketStream,Bandwidth Sharing,Recommended,7.5,$5,PayPal,https://packetstream.io/?psr=7i1o,,Pending,Simple bandwidth sharing
Peer2Profit,Bandwidth Sharing,Recommended,7.5,$2,Crypto/PayPal,,,Pending,Multiple device support
EarnApp,Bandwidth Sharing,Recommended,7.8,$2.50,PayPal/Gift Cards,https://earnapp.com/i/IEny779S,,Pending,By Bright Data
Grass,Bandwidth Sharing,Recommended,7.5,Points,Crypto/Future Token,,,Pending,AI data network - new
Repocket,Bandwidth Sharing,Decent,7,$20,PayPal,,,Pending,Higher minimum
Traffmonetizer,Bandwidth Sharing,Decent,7,$10,BTC/PayPal,,,Pending,Pay per GB shared
Spider,Bandwidth Sharing,Decent,6.8,$5,Crypto,,,Pending,Newer platform
ByteLixir,Bandwidth Sharing,Use Caution,6,Varies,Crypto,,,Caution,Some issues reported
Mysterium,Bandwidth / VPN,Decent,7,1 MYST,MYST Token,,,Pending,Decentralized VPN node
Presearch,Search / Bandwidth,Recommended,7.3,1000 PRE,PRE Token,,,Pending,Search engine rewards
Rakuten,Cashback,Highly Recommended,9,$5,PayPal/Check,,,Pending,Top cashback - $40 signup bonus
TopCashback,Cashback,Highly Recommended,8.8,$10,PayPal/Gift Cards,https://www.topcashback.com/ref/member244459653236,,Pending,Often highest rates
BeFrugal,Cashback,Recommended,8.5,$1,PayPal/Check,https://www.befrugal.com/rs/BFUBAIF/,,Pending,Low minimum payout
Ibotta,Cashback / Groceries,Highly Recommended,8.8,$20,PayPal/Gift Cards,,,Pending,Grocery cashback leader
Dosh,Cashback / Auto,Recommended,7.5,$25,PayPal/Venmo,,,Pending,Link card for auto cashback
Fetch Rewards,Cashback / Receipts,Recommended,8,$3,Gift Cards,,,Pending,Scan any receipt
Receipt Hog,Cashback / Receipts,Decent,7.2,$5,PayPal/Gift Cards,,,Pending,Receipt scanning app
Shopkick,Cashback / Shopping,Decent,7,$2,Gift Cards,,,Pending,Walk-in kicks + scanning
Drop,Cashback / Lifestyle,Recommended,7.5,$25,Gift Cards,,,Pending,Link cards for rewards
Checkout 51,Cashback / Groceries,Decent,7,$20,Check,,,Pending,Grocery rebates
CoinOut,Cashback / Receipts,Decent,6.8,$1,PayPal/Gift Cards,,,Pending,Any receipt works
Honey,Cashback / Coupons,Highly Recommended,8.5,$10,PayPal/Gift Cards,joinhoney.com/ref/57g5lop,,Pending,Auto coupon finder + cashback
Capital One Shopping,Cashback / Coupons,Recommended,7.8,$5,Gift Cards,,,Pending,Formerly Wikibuy
Brave Browser,Browser / Passive,Highly Recommended,8.8,Varies,BAT Token,,,Pending,Private browser + BAT rewards
Nielsen Computer Panel,Passive / Research,Recommended,7.5,$50/year,Gift Cards,,,Pending,Install & forget
MobileXpression,Passive / Mobile,Decent,7,$5,Gift Cards,,,Pending,Mobile tracking panel
SavvyConnect,Passive / Research,Decent,6.8,$5,Gift Cards,,,Pending,By Luth Research
Gener8,Browser Extension,Decent,6.5,Varies,Gift Cards/Crypto,,,Pending,UK focused browser ext
Mistplay,Gaming,Recommended,8,$5,Gift Cards,,,Pending,Android only - play games
AppStation,Gaming,Recommended,7.5,$1,PayPal/Gift Cards,,,Pending,Android game rewards
JustPlay,Gaming,Recommended,7.5,$2,PayPal/Gift Cards,,,Pending,Play games for cash
Cash Giraffe,Gaming,Decent,7,$0.20,PayPal,,,Pending,Very low minimum
Money Well,Gaming,Decent,7,$2,PayPal,,,Pending,Game time = rewards
CashyApp,Gaming,Decent,6.5,$5,PayPal,,,Pending,Game + video rewards
Givvy,Gaming / Social,Decent,6.5,$0.30,PayPal,,,Pending,Social media + games
Buff,Gaming / PC,Recommended,7.3,Varies,Gift Cards/Crypto,,,Pending,PC gaming rewards
JustDice,Gaming / Gambling,Decent,6,Low,Crypto,,,Pending,Crypto gambling faucet
Rollercoin,Gaming / Mining Sim,Decent,6.5,Low,Crypto,,,Pending,Mining simulator game
Splinterlands,Gaming / NFT,Decent,6.5,Varies,Crypto,,,Pending,NFT card game
Axie Infinity,Gaming / NFT,Use Caution,5.5,Varies,AXS/SLP,,,Caution,High barrier to entry
Gods Unchained,Gaming / NFT,Decent,6,Varies,ETH/GODS,,,Pending,Free-to-play NFT TCG
Amazon MTurk,Micro-Tasks,Highly Recommended,8.5,$1,Amazon/Bank,,,Pending,Original micro-task platform
Clickworker,Micro-Tasks,Recommended,8,€5,PayPal/Bank,https://www.clickworker.com/clickworker?customer=false&utm_source=25574237&utm_campaign=CW4CW&utm_medium=email,,Pending,UHRS tasks available
Appen,Micro-Tasks,Recommended,7.8,Monthly,PayPal/Bank,,,Pending,AI training tasks
Remotasks,Micro-Tasks,Recommended,7.5,$5,PayPal/Payoneer,,,Pending,AI/ML labeling tasks
Picoworkers,Micro-Tasks,Decent,7,$5.50,PayPal/Crypto,,,Pending,Social media tasks
Microworkers,Micro-Tasks,Decent,7,$9,PayPal/Payoneer,,,Pending,Crowdsourcing platform
RapidWorkers,Micro-Tasks,Decent,6.5,$8,PayPal,,,Pending,Small task marketplace
Spare5,Micro-Tasks,Recommended,7.2,$1,PayPal,,,Pending,Mobile micro-tasks
Hive Micro,Micro-Tasks,Decent,6.8,$5,PayPal,,,Pending,Quick micro-tasks
Toloka,Micro-Tasks,Recommended,7.5,$0.02,PayPal/Payoneer,,,Pending,By Yandex - AI tasks
OneForma,Micro-Tasks,Decent,7,Varies,PayPal/Payoneer,,,Pending,AI data projects
Userfeel,Testing,Recommended,8,$10,PayPal,,,Pending,$10 per 10-20 min test
TryMyUI,Testing,Recommended,7.8,$10,PayPal,,,Pending,Website testing
Userlytics,Testing,Recommended,7.5,$5,PayPal,,,Pending,$5-$90 per test
TestingTime,Testing,Recommended,8,Varies,PayPal/Bank,,,Pending,Europe focused
Enroll,Testing,Decent,7,Varies,PayPal,,,Pending,UX research studies
Loop11,Testing,Decent,6.8,Varies,PayPal,,,Pending,Usability testing
UTest,Testing / QA,Recommended,7.5,Varies,PayPal/Payoneer,,,Pending,Bug testing for apps
BetaTesting,Testing,Decent,7,Varies,PayPal/Gift Cards,,,Pending,Product beta tests
Fiverr,Freelance,Highly Recommended,9,$5,PayPal/Bank,,,Pending,Top freelance marketplace
Upwork,Freelance,Highly Recommended,8.8,$100,PayPal/Bank,,,Pending,Professional freelancing
Rev,Freelance / Transcription,Recommended,7.5,$1,PayPal,,,Pending,Transcription & captioning
TranscribeMe,Freelance / Transcription,Recommended,7.3,$20,PayPal,,,Pending,Short audio clips
GoTranscript,Freelance / Transcription,Decent,7,$50,PayPal/Payoneer,,,Pending,Transcription & translation
Scribie,Freelance / Transcription,Decent,6.8,$1,PayPal,,,Pending,Audio transcription
Crypto.com,Exchange / Staking,Recommended,8,Varies,Crypto,,,Pending,Staking + card rewards
Nexo,Staking / Lending,Recommended,7.5,$10,Crypto/Fiat,,,Pending,Earn interest on crypto
BlockFi,Staking / Lending,Use Caution,5,Varies,Crypto,,,Caution,Bankruptcy concerns
Coinmarketcap Earn,Crypto / Learn,Recommended,7.5,Varies,Crypto,,,Pending,Learn & earn crypto
Layer3,Crypto / Quests,Recommended,7.2,Varies,Crypto/NFT,,,Pending,Web3 quests & bounties
Galxe,Crypto / Quests,Recommended,7.3,Varies,Crypto/NFT,,,Pending,Web3 credential network
Zealy,Crypto / Community,Decent,7,Varies,Crypto,,,Pending,Community quests
Phi Network,Crypto / Mobile Mining,Decent,6.5,TBD,PHI Token,,,Pending,Mobile crypto mining
Pi Network,Crypto / Mobile Mining,Use Caution,5,TBD,PI Token,,,Caution,No real value yet
Bee Network,Crypto / Mobile Mining,Use Caution,4.5,TBD,BEE Token,,,Caution,Unproven - speculative
Publish0x,Social / Blogging,Recommended,7.5,$1,Crypto,,,Pending,Tip & earn crypto blog
Read.cash,Social / Blogging,Decent,6.8,$0.10,BCH,,,Pending,Bitcoin Cash blogging
Steemit,Social / Blogging,Decent,6.5,Varies,STEEM,,,Pending,Blockchain social media
Hive Blog,Social / Blogging,Decent,6.8,Varies,HIVE,,,Pending,Decentralized blogging
Minds,Social / Blogging,Decent,6.5,Varies,MINDS Token,,,Pending,Alt social platform
Noise.app,Social / Micro,Decent,6,Low,BCH,,,Pending,BCH micro-tipping
McMoney,Phone / Passive,Decent,6.5,$1,PayPal,,,Pending,Receive calls for money
Dscout,Phone / Research,Recommended,8,Varies,PayPal,,,Pending,Missions pay $5-$100+
Field Agent,Phone / Mystery Shop,Recommended,7.3,$5,PayPal,,,Pending,In-store tasks
Gigwalk,Phone / Tasks,Decent,7,Varies,PayPal,,,Pending,Local gig tasks
Premise,Phone / Data,Decent,6.8,$10,PayPal,,,Pending,Photo tasks
Amazon Associates,Affiliate,Highly Recommended,8.5,$10,Amazon/Bank,,,Pending,Top affiliate program
ShareASale,Affiliate,Recommended,8,$50,Check/Bank,,,Pending,Affiliate network
Redbubble,Print-on-Demand,Recommended,7.5,$20,PayPal/Bank,,,Pending,Sell designs
Teespring,Print-on-Demand,Recommended,7.3,$10,PayPal,,,Pending,Custom merchandise
Merch by Amazon,Print-on-Demand,Recommended,8,$10,Bank,,,Pending,Invite only
Printful,Print-on-Demand,Recommended,7.5,Varies,PayPal/Bank,,,Pending,POD fulfillment
